seq	मण्डलम्	सूक्तम्	अष्टकम्	अध्यायः	सूक्तम्
1	०१	०१	०१	०१	०१
2	०१	०२	०१	०१	०२
3	०१	०३	०१	०१	०३
4	०१	०४	०१	०१	०४
5	०१	०५	०१	०१	०५
6	०१	०६	०१	०१	०६
7	०१	०७	०१	०१	०७
8	०१	०८	०१	०१	०८
9	०१	०९	०१	०१	०९
10	०१	१०	०१	०१	१०
11	०१	११	०१	०१	११
12	०१	१२	०१	०१	१२
13	०१	१३	०१	०१	१३
14	०१	१४	०१	०१	१४
15	०१	१५	०१	०१	१५
16	०१	१६	०१	०१	१६
17	०१	१७	०१	०१	१७
18	०१	१८	०१	०१	१८
19	०१	१९	०१	०१	१९
20	०१	२०	०१	०२	०१
21	०१	२१	०१	०२	०२
22	०१	२२	०१	०२	०३
23	०१	२३	०१	०२	०४
24	०१	२४	०१	०२	०५
25	०१	२५	०१	०२	०६
26	०१	२६	०१	०२	०७
27	०१	२७	०१	०२	०८
28	०१	२८	०१	०२	०९
29	०१	२९	०१	०२	१०
30	०१	३०	०१	०२	११
31	०१	३१	०१	०२	१२
32	०१	३२	०१	०२	१३
33	०१	३३	०१	०३	०१
34	०१	३४	०१	०३	०२
35	०१	३५	०१	०३	०३
36	०१	३६	०१	०३	०४
37	०१	३७	०१	०३	०५
38	०१	३८	०१	०३	०६
39	०१	३९	०१	०३	०७
40	०१	४०	०१	०३	०८
41	०१	४१	०१	०३	०९
42	०१	४२	०१	०३	१०
43	०१	४३	०१	०३	११
44	०१	४४	०१	०३	१२
45	०१	४५	०१	०३	१३
46	०१	४६	०१	०३	१४
47	०१	४७	०१	०३	१५
48	०१	४८	०१	०४	०१
49	०१	४९	०१	०४	०२
50	०१	५०	०१	०४	०३
51	०१	५१	०१	०४	०४
52	०१	५२	०१	०४	०५
53	०१	५३	०१	०४	०६
54	०१	५४	०१	०४	०७
55	०१	५५	०१	०४	०८
56	०१	५६	०१	०४	०९
57	०१	५७	०१	०४	१०
58	०१	५८	०१	०४	११
59	०१	५९	०१	०४	१२
60	०१	६०	०१	०४	१३
61	०१	६१	०१	०४	१४
62	०१	६२	०१	०५	०१
63	०१	६३	०१	०५	०२
64	०१	६४	०१	०५	०३
65	०१	६५	०१	०५	०४
66	०१	६६	०१	०५	०५
67	०१	६७	०१	०५	०६
68	०१	६८	०१	०५	०७
69	०१	६९	०१	०५	०८
70	०१	७०	०१	०५	०९
71	०१	७१	०१	०५	१०
72	०१	७२	०१	०५	११
73	०१	७३	०१	०५	१२
74	०१	७४	०१	०५	१३
75	०१	७५	०१	०५	१४
76	०१	७६	०१	०५	१५
77	०१	७७	०१	०५	१६
78	०१	७८	०१	०५	१७
79	०१	७९	०१	०५	१८
80	०१	८०	०१	०५	१९
81	०१	८१	०१	०६	०१
82	०१	८२	०१	०६	०२
83	०१	८३	०१	०६	०३
84	०१	८४	०१	०६	०४
85	०१	८५	०१	०६	०५
86	०१	८६	०१	०६	०६
87	०१	८७	०१	०६	०७
88	०१	८८	०१	०६	०८
89	०१	८९	०१	०६	०९
90	०१	९०	०१	०६	१०
91	०१	९१	०१	०६	११
92	०१	९२	०१	०६	१२
93	०१	९३	०१	०६	१३
94	०१	९४	०१	०६	१४
95	०१	९५	०१	०७	०१
96	०१	९६	०१	०७	०२
97	०१	९७	०१	०७	०३
98	०१	९८	०१	०७	०४
99	०१	९९	०१	०७	०५
100	०१	१००	०१	०७	०६
101	०१	१०१	०१	०७	०७
102	०१	१०२	०१	०७	०८
103	०१	१०३	०१	०७	०९
104	०१	१०४	०१	०७	१०
105	०१	१०५	०१	०७	११
106	०१	१०६	०१	०७	१२
107	०१	१०७	०१	०७	१३
108	०१	१०८	०१	०७	१४
109	०१	१०९	०१	०७	१५
110	०१	११०	०१	०७	१६
111	०१	१११	०१	०७	१७
112	०१	११२	०१	०७	१८
113	०१	११३	०१	०८	०१
114	०१	११४	०१	०८	०२
115	०१	११५	०१	०८	०३
116	०१	११६	०१	०८	०४
117	०१	११७	०१	०८	०५
118	०१	११८	०१	०८	०६
119	०१	११९	०१	०८	०७
120	०१	१२०	०१	०८	०८
121	०१	१२१	०१	०८	०९
122	०१	१२२	०२	०१	०१
123	०१	१२३	०२	०१	०२
124	०१	१२४	०२	०१	०३
125	०१	१२५	०२	०१	०४
126	०१	१२६	०२	०१	०५
127	०१	१२७	०२	०१	०६
128	०१	१२८	०२	०१	०७
129	०१	१२९	०२	०१	०८
130	०१	१३०	०२	०१	०९
131	०१	१३१	०२	०१	१०
132	०१	१३२	०२	०१	११
133	०१	१३३	०२	०१	१२
134	०१	१३४	०२	०१	१३
135	०१	१३५	०२	०१	१४
136	०१	१३६	०२	०१	१५
137	०१	१३७	०२	०२	०१
138	०१	१३८	०२	०२	०२
139	०१	१३९	०२	०२	०३
140	०१	१४०	०२	०२	०४
141	०१	१४१	०२	०२	०५
142	०१	१४२	०२	०२	०६
143	०१	१४३	०२	०२	०७
144	०१	१४४	०२	०२	०८
145	०१	१४५	०२	०२	०९
146	०१	१४६	०२	०२	१०
147	०१	१४७	०२	०२	११
148	०१	१४८	०२	०२	१२
149	०१	१४९	०२	०२	१३
150	०१	१५०	०२	०२	१४
151	०१	१५१	०२	०२	१५
152	०१	१५२	०२	०२	१६
153	०१	१५३	०२	०२	१७
154	०१	१५४	०२	०२	१८
155	०१	१५५	०२	०२	१९
156	०१	१५६	०२	०२	२०
157	०१	१५७	०२	०२	२१
158	०१	१५८	०२	०३	०१
159	०१	१५९	०२	०३	०२
160	०१	१६०	०२	०३	०३
161	०१	१६१	०२	०३	०४
162	०१	१६२	०२	०३	०५
163	०१	१६३	०२	०३	०६
164	०१	१६४	०२	०३	०७
165	०१	१६५	०२	०३	०८
166	०१	१६६	०२	०४	०१
167	०१	१६७	०२	०४	०२
168	०१	१६८	०२	०४	०३
169	०१	१६९	०२	०४	०४
170	०१	१७०	०२	०४	०५
171	०१	१७१	०२	०४	०६
172	०१	१७२	०२	०४	०७
173	०१	१७३	०२	०४	०८
174	०१	१७४	०२	०४	०९
175	०१	१७५	०२	०४	१०
176	०१	१७६	०२	०४	११
177	०१	१७७	०२	०४	१२
178	०१	१७८	०२	०४	१३
179	०१	१७९	०२	०४	१४
180	०१	१८०	०२	०४	१५
181	०१	१८१	०२	०४	१६
182	०१	१८२	०२	०४	१७
183	०१	१८३	०२	०४	१८
184	०१	१८४	०२	०५	०१
185	०१	१८५	०२	०५	०२
186	०१	१८६	०२	०५	०३
187	०१	१८७	०२	०५	०४
188	०१	१८८	०२	०५	०५
189	०१	१८९	०२	०५	०६
190	०१	१९०	०२	०५	०७
191	०१	१९१	०२	०५	०८
192	०२	०१	०२	०५	०९
193	०२	०२	०२	०५	१०
194	०२	०३	०२	०५	११
195	०२	०४	०२	०५	१२
196	०२	०५	०२	०५	१३
197	०२	०६	०२	०५	१४
198	०२	०७	०२	०५	१५
199	०२	०८	०२	०५	१६
200	०२	०९	०२	०६	०१
201	०२	१०	०२	०६	०२
202	०२	११	०२	०६	०३
203	०२	१२	०२	०६	०४
204	०२	१३	०२	०६	०५
205	०२	१४	०२	०६	०६
206	०२	१५	०२	०६	०७
207	०२	१६	०२	०६	०८
208	०२	१७	०२	०६	०९
209	०२	१८	०२	०६	१०
210	०२	१९	०२	०६	११
211	०२	२०	०२	०६	१२
212	०२	२१	०२	०६	१३
213	०२	२२	०२	०६	१४
214	०२	२३	०२	०६	१५
215	०२	२४	०२	०७	०१
216	०२	२५	०२	०७	०२
217	०२	२६	०२	०७	०३
218	०२	२७	०२	०७	०४
219	०२	२८	०२	०७	०५
220	०२	२९	०२	०७	०६
221	०२	३०	०२	०७	०७
222	०२	३१	०२	०७	०८
223	०२	३२	०२	०७	०९
224	०२	३३	०२	०७	१०
225	०२	३४	०२	०७	११
226	०२	३५	०२	०७	१२
227	०२	३६	०२	०७	१३
228	०२	३७	०२	०८	०१
229	०२	३८	०२	०८	०२
230	०२	३९	०२	०८	०३
231	०२	४०	०२	०८	०४
232	०२	४१	०२	०८	०५
233	०२	४२	०२	०८	०६
234	०२	४३	०२	०८	०७
235	०३	०१	०२	०८	०८
236	०३	०२	०२	०८	०९
237	०३	०३	०२	०८	१०
238	०३	०४	०२	०८	११
239	०३	०५	०२	०८	१२
240	०३	०६	०२	०८	१३
241	०३	०७	०३	०१	०१
242	०३	०८	०३	०१	०२
243	०३	०९	०३	०१	०३
244	०३	१०	०३	०१	०४
245	०३	११	०३	०१	०५
246	०३	१२	०३	०१	०६
247	०३	१३	०३	०१	०७
248	०३	१४	०३	०१	०८
249	०३	१५	०३	०१	०९
250	०३	१६	०३	०१	१०
251	०३	१७	०३	०१	११
252	०३	१८	०३	०१	१२
253	०३	१९	०३	०१	१३
254	०३	२०	०३	०१	१४
255	०३	२१	०३	०१	१५
256	०३	२२	०३	०१	१६
257	०३	२३	०३	०१	१७
258	०३	२४	०३	०१	१८
259	०३	२५	०३	०१	१९
260	०३	२६	०३	०१	२०
261	०३	२७	०३	०१	२१
262	०३	२८	०३	०१	२२
263	०३	२९	०३	०१	२३
264	०३	३०	०३	०२	०१
265	०३	३१	०३	०२	०२
266	०३	३२	०३	०२	०३
267	०३	३३	०३	०२	०४
268	०३	३४	०३	०२	०५
269	०३	३५	०३	०२	०६
270	०३	३६	०३	०२	०७
271	०३	३७	०३	०२	०८
272	०३	३८	०३	०२	०९
273	०३	३९	०३	०२	१०
274	०३	४०	०३	०३	०१
275	०३	४१	०३	०३	०२
276	०३	४२	०३	०३	०३
277	०३	४३	०३	०३	०४
278	०३	४४	०३	०३	०५
279	०३	४५	०३	०३	०६
280	०३	४६	०३	०३	०७
281	०३	४७	०३	०३	०८
282	०३	४८	०३	०३	०९
283	०३	४९	०३	०३	१०
284	०३	५०	०३	०३	११
285	०३	५१	०३	०३	१२
286	०३	५२	०३	०३	१३
287	०३	५३	०३	०३	१४
288	०३	५४	०३	०३	१५
289	०३	५५	०३	०३	१६
290	०३	५६	०३	०४	०१
291	०३	५७	०३	०४	०२
292	०३	५८	०३	०४	०३
293	०३	५९	०३	०४	०४
294	०३	६०	०३	०४	०५
295	०३	६१	०३	०४	०६
296	०३	६२	०३	०४	०७
297	०४	०१	०३	०४	०८
298	०४	०२	०३	०४	०९
299	०४	०३	०३	०४	१०
300	०४	०४	०३	०४	११
301	०४	०५	०३	०५	०१
302	०४	०६	०३	०५	०२
303	०४	०७	०३	०५	०३
304	०४	०८	०३	०५	०४
305	०४	०९	०३	०५	०५
306	०४	१०	०३	०५	०६
307	०४	११	०३	०५	०७
308	०४	१२	०३	०५	०८
309	०४	१३	०३	०५	०९
310	०४	१४	०३	०५	१०
311	०४	१५	०३	०५	११
312	०४	१६	०३	०५	१२
313	०४	१७	०३	०५	१३
314	०४	१८	०३	०५	१४
315	०४	१९	०३	०६	०१
316	०४	२०	०३	०६	०२
317	०४	२१	०३	०६	०३
318	०४	२२	०३	०६	०४
319	०४	२३	०३	०६	०५
320	०४	२४	०३	०६	०६
321	०४	२५	०३	०६	०७
322	०४	२६	०३	०६	०८
323	०४	२७	०३	०६	०९
324	०४	२८	०३	०६	१०
325	०४	२९	०३	०६	११
326	०४	३०	०३	०६	१२
327	०४	३१	०३	०६	१३
328	०४	३२	०३	०६	१४
329	०४	३३	०३	०७	०१
330	०४	३४	०३	०७	०२
331	०४	३५	०३	०७	०३
332	०४	३६	०३	०७	०४
333	०४	३७	०३	०७	०५
334	०४	३८	०३	०७	०६
335	०४	३९	०३	०७	०७
336	०४	४०	०३	०७	०८
337	०४	४१	०३	०७	०९
338	०४	४२	०३	०७	१०
339	०४	४३	०३	०७	११
340	०४	४४	०३	०७	१२
341	०४	४५	०३	०७	१३
342	०४	४६	०३	०७	१४
343	०४	४७	०३	०७	१५
344	०४	४८	०३	०७	१६
345	०४	४९	०३	०७	१७
346	०४	५०	०३	०७	१८
347	०४	५१	०३	०८	०१
348	०४	५२	०३	०८	०२
349	०४	५३	०३	०८	०३
350	०४	५४	०३	०८	०४
351	०४	५५	०३	०८	०५
352	०४	५६	०३	०८	०६
353	०४	५७	०३	०८	०७
354	०४	५८	०३	०८	०८
355	०५	०१	०३	०८	०९
356	०५	०२	०३	०८	१०
357	०५	०३	०३	०८	११
358	०५	०४	०३	०८	१२
359	०५	०५	०३	०८	१३
360	०५	०६	०३	०८	१४
361	०५	०७	०३	०८	१५
362	०५	०८	०३	०८	१६
363	०५	०९	०४	०१	०१
364	०५	१०	०४	०१	०२
365	०५	११	०४	०१	०३
366	०५	१२	०४	०१	०४
367	०५	१३	०४	०१	०५
368	०५	१४	०४	०१	०६
369	०५	१५	०४	०१	०७
370	०५	१६	०४	०१	०८
371	०५	१७	०४	०१	०९
372	०५	१८	०४	०१	१०
373	०५	१९	०४	०१	११
374	०५	२०	०४	०१	१२
375	०५	२१	०४	०१	१३
376	०५	२२	०४	०१	१४
377	०५	२३	०४	०१	१५
378	०५	२४	०४	०१	१६
379	०५	२५	०४	०१	१७
380	०५	२६	०४	०१	१८
381	०५	२७	०४	०१	१९
382	०५	२८	०४	०१	२०
383	०५	२९	०४	०१	२१
384	०५	३०	०४	०१	२२
385	०५	३१	०४	०१	२३
386	०५	३२	०४	०१	२४
387	०५	३३	०४	०२	०१
388	०५	३४	०४	०२	०२
389	०५	३५	०४	०२	०३
390	०५	३६	०४	०२	०४
391	०५	३७	०४	०२	०५
392	०५	३८	०४	०२	०६
393	०५	३९	०४	०२	०७
394	०५	४०	०४	०२	०८
395	०५	४१	०४	०२	०९
396	०५	४२	०४	०२	१०
397	०५	४३	०४	०२	११
398	०५	४४	०४	०२	१२
399	०५	४५	०४	०२	१३
400	०५	४६	०४	०२	१४
401	०५	४७	०४	०३	०१
402	०५	४८	०४	०३	०२
403	०५	४९	०४	०३	०३
404	०५	५०	०४	०३	०४
405	०५	५१	०४	०३	०५
406	०५	५२	०४	०३	०६
407	०५	५३	०४	०३	०७
408	०५	५४	०४	०३	०८
409	०५	५५	०४	०३	०९
410	०५	५६	०४	०३	१०
411	०५	५७	०४	०३	११
412	०५	५८	०४	०३	१२
413	०५	५९	०४	०३	१३
414	०५	६०	०४	०३	१४
415	०५	६१	०४	०३	१५
416	०५	६२	०४	०३	१६
417	०५	६३	०४	०४	०१
418	०५	६४	०४	०४	०२
419	०५	६५	०४	०४	०३
420	०५	६६	०४	०४	०४
421	०५	६७	०४	०४	०५
422	०५	६८	०४	०४	०६
423	०५	६९	०४	०४	०७
424	०५	७०	०४	०४	०८
425	०५	७१	०४	०४	०९
426	०५	७२	०४	०४	१०
427	०५	७३	०४	०४	११
428	०५	७४	०४	०४	१२
429	०५	७५	०४	०४	१३
430	०५	७६	०४	०४	१४
431	०५	७७	०४	०४	१५
432	०५	७८	०४	०४	१६
433	०५	७९	०४	०४	१७
434	०५	८०	०४	०४	१८
435	०५	८१	०४	०४	१९
436	०५	८२	०४	०४	२०
437	०५	८३	०४	०४	२१
438	०५	८४	०४	०४	२२
439	०५	८५	०४	०४	२३
440	०५	८६	०४	०४	२४
441	०५	८७	०४	०४	२५
442	०६	०१	०४	०४	२६
443	०६	०२	०४	०५	०१
444	०६	०३	०४	०५	०२
445	०६	०४	०४	०५	०३
446	०६	०५	०४	०५	०४
447	०६	०६	०४	०५	०५
448	०६	०७	०४	०५	०६
449	०६	०८	०४	०५	०७
450	०६	०९	०४	०५	०८
451	०६	१०	०४	०५	०९
452	०६	११	०४	०५	१०
453	०६	१२	०४	०५	११
454	०६	१३	०४	०५	१२
455	०६	१४	०४	०५	१३
456	०६	१५	०४	०५	१४
457	०६	१६	०४	०५	१५
458	०६	१७	०४	०६	०१
459	०६	१८	०४	०६	०२
460	०६	१९	०४	०६	०३
461	०६	२०	०४	०६	०४
462	०६	२१	०४	०६	०५
463	०६	२२	०४	०६	०६
464	०६	२३	०४	०६	०७
465	०६	२४	०४	०६	०८
466	०६	२५	०४	०६	०९
467	०६	२६	०४	०६	१०
468	०६	२७	०४	०६	११
469	०६	२८	०४	०६	१२
470	०६	२९	०४	०७	०१
471	०६	३०	०४	०७	०२
472	०६	३१	०४	०७	०३
473	०६	३२	०४	०७	०४
474	०६	३३	०४	०७	०५
475	०६	३४	०४	०७	०६
476	०६	३५	०४	०७	०७
477	०६	३६	०४	०७	०८
478	०६	३७	०४	०७	०९
479	०६	३८	०४	०७	१०
480	०६	३९	०४	०७	११
481	०६	४०	०४	०७	१२
482	०६	४१	०४	०७	१३
483	०६	४२	०४	०७	१४
484	०६	४३	०४	०७	१५
485	०६	४४	०४	०७	१६
486	०६	४५	०४	०७	१७
487	०६	४६	०४	०७	१८
488	०६	४७	०४	०७	१९
489	०६	४८	०४	०८	०१
490	०६	४९	०४	०८	०२
491	०६	५०	०४	०८	०३
492	०६	५१	०४	०८	०४
493	०६	५२	०४	०८	०५
494	०६	५३	०४	०८	०६
495	०६	५४	०४	०८	०७
496	०६	५५	०४	०८	०८
497	०६	५६	०४	०८	०९
498	०६	५७	०४	०८	१०
499	०६	५८	०४	०८	११
500	०६	५९	०४	०८	१२
501	०६	६०	०४	०८	१३
502	०६	६१	०४	०८	१४
503	०६	६२	०५	०१	०१
504	०६	६३	०५	०१	०२
505	०६	६४	०५	०१	०३
506	०६	६५	०५	०१	०४
507	०६	६६	०५	०१	०५
508	०६	६७	०५	०१	०६
509	०६	६८	०५	०१	०७
510	०६	६९	०५	०१	०८
511	०६	७०	०५	०१	०९
512	०६	७१	०५	०१	१०
513	०६	७२	०५	०१	११
514	०६	७३	०५	०१	१२
515	०६	७४	०५	०१	१३
516	०६	७५	०५	०१	१४
517	०७	०१	०५	०१	१५
518	०७	०२	०५	०२	०१
519	०७	०३	०५	०२	०२
520	०७	०४	०५	०२	०३
521	०७	०५	०५	०२	०४
522	०७	०६	०५	०२	०५
523	०७	०७	०५	०२	०६
524	०७	०८	०५	०२	०७
525	०७	०९	०५	०२	०८
526	०७	१०	०५	०२	०९
527	०७	११	०५	०२	१०
528	०७	१२	०५	०२	११
529	०७	१३	०५	०२	१२
530	०७	१४	०५	०२	१३
531	०७	१५	०५	०२	१४
532	०७	१६	०५	०२	१५
533	०७	१७	०५	०२	१६
534	०७	१८	०५	०२	१७
535	०७	१९	०५	०२	१८
536	०७	२०	०५	०३	०१
537	०७	२१	०५	०३	०२
538	०७	२२	०५	०३	०३
539	०७	२३	०५	०३	०४
540	०७	२४	०५	०३	०५
541	०७	२५	०५	०३	०६
542	०७	२६	०५	०३	०७
543	०७	२७	०५	०३	०८
544	०७	२८	०५	०३	०९
545	०७	२९	०५	०३	१०
546	०७	३०	०५	०३	११
547	०७	३१	०५	०३	१२
548	०७	३२	०५	०३	१३
549	०७	३३	०५	०३	१४
550	०७	३४	०५	०३	१५
551	०७	३५	०५	०३	१६
552	०७	३६	०५	०४	०१
553	०७	३७	०५	०४	०२
554	०७	३८	०५	०४	०३
555	०७	३९	०५	०४	०४
556	०७	४०	०५	०४	०५
557	०७	४१	०५	०४	०६
558	०७	४२	०५	०४	०७
559	०७	४३	०५	०४	०८
560	०७	४४	०५	०४	०९
561	०७	४५	०५	०४	१०
562	०७	४६	०५	०४	११
563	०७	४७	०५	०४	१२
564	०७	४८	०५	०४	१३
565	०७	४९	०५	०४	१४
566	०७	५०	०५	०४	१५
567	०७	५१	०५	०४	१६
568	०७	५२	०५	०४	१७
569	०७	५३	०५	०४	१८
570	०७	५४	०५	०४	१९
571	०७	५५	०५	०४	२०
572	०७	५६	०५	०४	२१
573	०७	५७	०५	०४	२२
574	०७	५८	०५	०४	२३
575	०७	५९	०५	०४	२४
576	०७	६०	०५	०५	०१
577	०७	६१	०५	०५	०२
578	०७	६२	०५	०५	०३
579	०७	६३	०५	०५	०४
580	०७	६४	०५	०५	०५
581	०७	६५	०५	०५	०६
582	०७	६६	०५	०५	०७
583	०७	६७	०५	०५	०८
584	०७	६८	०५	०५	०९
585	०७	६९	०५	०५	१०
586	०७	७०	०५	०५	११
587	०७	७१	०५	०५	१२
588	०७	७२	०५	०५	१३
589	०७	७३	०५	०५	१४
590	०७	७४	०५	०५	१५
591	०७	७५	०५	०५	१६
592	०७	७६	०५	०५	१७
593	०७	७७	०५	०५	१८
594	०७	७८	०५	०५	१९
595	०७	७९	०५	०५	२०
596	०७	८०	०५	०५	२१
597	०७	८१	०५	०६	०१
598	०७	८२	०५	०६	०२
599	०७	८३	०५	०६	०३
600	०७	८४	०५	०६	०४
601	०७	८५	०५	०६	०५
602	०७	८६	०५	०६	०६
603	०७	८७	०५	०६	०७
604	०७	८८	०५	०६	०८
605	०७	८९	०५	०६	०९
606	०७	९०	०५	०६	१०
607	०७	९१	०५	०६	११
608	०७	९२	०५	०६	१२
609	०७	९३	०५	०६	१३
610	०७	९४	०५	०६	१४
611	०७	९५	०५	०६	१५
612	०७	९६	०५	०६	१६
613	०७	९७	०५	०६	१७
614	०७	९८	०५	०६	१८
615	०७	९९	०५	०६	१९
616	०७	१००	०५	०६	२०
617	०७	१०१	०५	०७	०१
618	०७	१०२	०५	०७	०२
619	०७	१०३	०५	०७	०३
620	०७	१०४	०५	०७	०४
621	०८	०१	०५	०७	०५
622	०८	०२	०५	०७	०६
623	०८	०३	०५	०७	०७
624	०८	०४	०५	०७	०८
625	०८	०५	०५	०८	०१
626	०८	०६	०५	०८	०२
627	०८	०७	०५	०८	०३
628	०८	०८	०५	०८	०४
629	०८	०९	०५	०८	०५
630	०८	१०	०५	०८	०६
631	०८	११	०५	०८	०७
632	०८	१२	०६	०१	०१
633	०८	१३	०६	०१	०२
634	०८	१४	०६	०१	०३
635	०८	१५	०६	०१	०४
636	०८	१६	०६	०१	०५
637	०८	१७	०६	०१	०६
638	०८	१८	०६	०१	०७
639	०८	१९	०६	०१	०८
640	०८	२०	०६	०१	०९
641	०८	२१	०६	०२	०१
642	०८	२२	०६	०२	०२
643	०८	२३	०६	०२	०३
644	०८	२४	०६	०२	०४
645	०८	२५	०६	०२	०५
646	०८	२६	०६	०२	०६
647	०८	२७	०६	०२	०७
648	०८	२८	०६	०२	०८
649	०८	२९	०६	०२	०९
650	०८	३०	०६	०२	१०
651	०८	३१	०६	०२	११
652	०८	३२	०६	०३	०१
653	०८	३३	०६	०३	०२
654	०८	३४	०६	०३	०३
655	०८	३५	०६	०३	०४
656	०८	३६	०६	०३	०५
657	०८	३७	०६	०३	०६
658	०८	३८	०६	०३	०७
659	०८	३९	०६	०३	०८
660	०८	४०	०६	०३	०९
661	०८	४१	०६	०३	१०
662	०८	४२	०६	०३	११
663	०८	४३	०६	०३	१२
664	०८	४४	०६	०३	१३
665	०८	४५	०६	०३	१४
666	०८	४६	०६	०४	०१
667	०८	४७	०६	०४	०२
668	०८	४८	०६	०४	०३
669	०८	४९	०६	०४	०४
670	०८	५०	०६	०४	०५
671	०८	५१	०६	०४	०६
672	०८	५२	०६	०४	०७
673	०८	५३	०६	०४	०८
674	०८	५४	०६	०४	०९
675	०८	५५	०६	०४	१०
676	०८	५६	०६	०४	११
677	०८	५७	०६	०४	१२
678	०८	५८	०६	०४	१३
679	०८	५९	०६	०४	१४
680	०८	६०	०६	०४	१५
681	०८	६१	०६	०४	१६
682	०८	६२	०६	०४	१७
683	०८	६३	०६	०४	१८
684	०८	६४	०६	०४	१९
685	०८	६५	०६	०४	२०
686	०८	६६	०६	०४	२१
687	०८	६७	०६	०४	२२
688	०८	६८	०६	०५	०१
689	०८	६९	०६	०५	०२
690	०८	७०	०६	०५	०३
691	०८	७१	०६	०५	०४
692	०८	७२	०६	०५	०५
693	०८	७३	०६	०५	०६
694	०८	७४	०६	०५	०७
695	०८	७५	०६	०५	०८
696	०८	७६	०६	०५	०९
697	०८	७७	०६	०५	१०
698	०८	७८	०६	०५	११
699	०८	७९	०६	०५	१२
700	०८	८०	०६	०५	१३
701	०८	८१	०६	०५	१४
702	०८	८२	०६	०६	०१
703	०८	८३	०६	०६	०२
704	०८	८४	०६	०६	०३
705	०८	८५	०६	०६	०४
706	०८	८६	०६	०६	०५
707	०८	८७	०६	०६	०६
708	०८	८८	०६	०६	०७
709	०८	८९	०६	०६	०८
710	०८	९०	०६	०६	०९
711	०८	९१	०६	०६	१०
712	०८	९२	०६	०६	११
713	०८	९३	०६	०६	१२
714	०८	९४	०६	०६	१३
715	०८	९५	०६	०६	१४
716	०८	९६	०६	०६	१५
717	०८	९७	०६	०६	१६
718	०८	९८	०६	०७	०१
719	०८	९९	०६	०७	०२
720	०८	१००	०६	०७	०३
721	०८	१०१	०६	०७	०४
722	०८	१०२	०६	०७	०५
723	०८	१०३	०६	०७	०६
724	०९	०१	०६	०७	०७
725	०९	०२	०६	०७	०८
726	०९	०३	०६	०७	०९
727	०९	०४	०६	०७	१०
728	०९	०५	०६	०७	११
729	०९	०६	०६	०७	१२
730	०९	०७	०६	०७	१३
731	०९	०८	०६	०७	१४
732	०९	०९	०६	०७	१५
733	०९	१०	०६	०७	१६
734	०९	११	०६	०७	१७
735	०९	१२	०६	०७	१८
736	०९	१३	०६	०८	०१
737	०९	१४	०६	०८	०२
738	०९	१५	०६	०८	०३
739	०९	१६	०६	०८	०४
740	०९	१७	०६	०८	०५
741	०९	१८	०६	०८	०६
742	०९	१९	०६	०८	०७
743	०९	२०	०६	०८	०८
744	०९	२१	०६	०८	०९
745	०९	२२	०६	०८	१०
746	०९	२३	०६	०८	११
747	०९	२४	०६	०८	१२
748	०९	२५	०६	०८	१३
749	०९	२६	०६	०८	१४
750	०९	२७	०६	०८	१५
751	०९	२८	०६	०८	१६
752	०९	२९	०६	०८	१७
753	०९	३०	०६	०८	१८
754	०९	३१	०६	०८	१९
755	०९	३२	०६	०८	२०
756	०९	३३	०६	०८	२१
757	०९	३४	०६	०८	२२
758	०९	३५	०६	०८	२३
759	०९	३६	०६	०८	२४
760	०९	३७	०६	०८	२५
761	०९	३८	०६	०८	२६
762	०९	३९	०६	०८	२७
763	०९	४०	०६	०८	२८
764	०९	४१	०६	०८	२९
765	०९	४२	०६	०८	३०
766	०९	४३	०६	०८	३१
767	०९	४४	०७	०१	०१
768	०९	४५	०७	०१	०२
769	०९	४६	०७	०१	०३
770	०९	४७	०७	०१	०४
771	०९	४८	०७	०१	०५
772	०९	४९	०७	०१	०६
773	०९	५०	०७	०१	०७
774	०९	५१	०७	०१	०८
775	०९	५२	०७	०१	०९
776	०९	५३	०७	०१	१०
777	०९	५४	०७	०१	११
778	०९	५५	०७	०१	१२
779	०९	५६	०७	०१	१३
780	०९	५७	०७	०१	१४
781	०९	५८	०७	०१	१५
782	०९	५९	०७	०१	१६
783	०९	६०	०७	०१	१७
784	०९	६१	०७	०१	१८
785	०९	६२	०७	०१	१९
786	०९	६३	०७	०१	२०
787	०९	६४	०७	०१	२१
788	०९	६५	०७	०२	०१
789	०९	६६	०७	०२	०२
790	०९	६७	०७	०२	०३
791	०९	६८	०७	०२	०४
792	०९	६९	०७	०२	०५
793	०९	७०	०७	०२	०६
794	०९	७१	०७	०२	०७
795	०९	७२	०७	०२	०८
796	०९	७३	०७	०२	०९
797	०९	७४	०७	०२	१०
798	०९	७५	०७	०२	११
799	०९	७६	०७	०३	०१
800	०९	७७	०७	०३	०२
801	०९	७८	०७	०३	०३
802	०९	७९	०७	०३	०४
803	०९	८०	०७	०३	०५
804	०९	८१	०७	०३	०६
805	०९	८२	०७	०३	०७
806	०९	८३	०७	०३	०८
807	०९	८४	०७	०३	०९
808	०९	८५	०७	०३	१०
809	०९	८६	०७	०३	११
810	०९	८७	०७	०३	१२
811	०९	८८	०७	०३	१३
812	०९	८९	०७	०३	१४
813	०९	९०	०७	०३	१५
814	०९	९१	०७	०४	०१
815	०९	९२	०७	०४	०२
816	०९	९३	०७	०४	०३
817	०९	९४	०७	०४	०४
818	०९	९५	०७	०४	०५
819	०९	९६	०७	०४	०६
820	०९	९७	०७	०४	०७
821	०९	९८	०७	०४	०८
822	०९	९९	०७	०४	०९
823	०९	१००	०७	०४	१०
824	०९	१०१	०७	०५	०१
825	०९	१०२	०७	०५	०२
826	०९	१०३	०७	०५	०३
827	०९	१०४	०७	०५	०४
828	०९	१०५	०७	०५	०५
829	०९	१०६	०७	०५	०६
830	०९	१०७	०७	०५	०७
831	०९	१०८	०७	०५	०८
832	०९	१०९	०७	०५	०९
833	०९	११०	०७	०५	१०
834	०९	१११	०७	०५	११
835	०९	११२	०७	०५	१२
836	०९	११३	०७	०५	१३
837	०९	११४	०७	०५	१४
838	१०	०१	०७	०५	१५
839	१०	०२	०७	०५	१६
840	१०	०३	०७	०५	१७
841	१०	०४	०७	०५	१८
842	१०	०५	०७	०५	१९
843	१०	०६	०७	०६	०१
844	१०	०७	०७	०६	०२
845	१०	०८	०७	०६	०३
846	१०	०९	०७	०६	०४
847	१०	१०	०७	०६	०५
848	१०	११	०७	०६	०६
849	१०	१२	०७	०६	०७
850	१०	१३	०७	०६	०८
851	१०	१४	०७	०६	०९
852	१०	१५	०७	०६	१०
853	१०	१६	०७	०६	११
854	१०	१७	०७	०६	१२
855	१०	१८	०७	०६	१३
856	१०	१९	०७	०७	०१
857	१०	२०	०७	०७	०२
858	१०	२१	०७	०७	०३
859	१०	२२	०७	०७	०४
860	१०	२३	०७	०७	०५
861	१०	२४	०७	०७	०६
862	१०	२५	०७	०७	०७
863	१०	२६	०७	०७	०८
864	१०	२७	०७	०७	०९
865	१०	२८	०७	०७	१०
866	१०	२९	०७	०७	११
867	१०	३०	०७	०७	१२
868	१०	३१	०७	०७	१३
869	१०	३२	०७	०७	१४
870	१०	३३	०७	०८	०१
871	१०	३४	०७	०८	०२
872	१०	३५	०७	०८	०३
873	१०	३६	०७	०८	०४
874	१०	३७	०७	०८	०५
875	१०	३८	०७	०८	०६
876	१०	३९	०७	०८	०७
877	१०	४०	०७	०८	०८
878	१०	४१	०७	०८	०९
879	१०	४२	०७	०८	१०
880	१०	४३	०७	०८	११
881	१०	४४	०७	०८	१२
882	१०	४५	०७	०८	१३
883	१०	४६	०८	०१	०१
884	१०	४७	०८	०१	०२
885	१०	४८	०८	०१	०३
886	१०	४९	०८	०१	०४
887	१०	५०	०८	०१	०५
888	१०	५१	०८	०१	०६
889	१०	५२	०८	०१	०७
890	१०	५३	०८	०१	०८
891	१०	५४	०८	०१	०९
892	१०	५५	०८	०१	१०
893	१०	५६	०८	०१	११
894	१०	५७	०८	०१	१२
895	१०	५८	०८	०१	१३
896	१०	५९	०८	०१	१४
897	१०	६०	०८	०१	१५
898	१०	६१	०८	०१	१६
899	१०	६२	०८	०२	०१
900	१०	६३	०८	०२	०२
901	१०	६४	०८	०२	०३
902	१०	६५	०८	०२	०४
903	१०	६६	०८	०२	०५
904	१०	६७	०८	०२	०६
905	१०	६८	०८	०२	०७
906	१०	६९	०८	०२	०८
907	१०	७०	०८	०२	०९
908	१०	७१	०८	०२	१०
909	१०	७२	०८	०३	०१
910	१०	७३	०८	०३	०२
911	१०	७४	०८	०३	०३
912	१०	७५	०८	०३	०४
913	१०	७६	०८	०३	०५
914	१०	७७	०८	०३	०६
915	१०	७८	०८	०३	०७
916	१०	७९	०८	०३	०८
917	१०	८०	०८	०३	०९
918	१०	८१	०८	०३	१०
919	१०	८२	०८	०३	११
920	१०	८३	०८	०३	१२
921	१०	८४	०८	०३	१३
922	१०	८५	०८	०३	१४
923	१०	८६	०८	०४	०१
924	१०	८७	०८	०४	०२
925	१०	८८	०८	०४	०३
926	१०	८९	०८	०४	०४
927	१०	९०	०८	०४	०५
928	१०	९१	०८	०४	०६
929	१०	९२	०८	०४	०७
930	१०	९३	०८	०४	०८
931	१०	९४	०८	०४	०९
932	१०	९५	०८	०५	०१
933	१०	९६	०८	०५	०२
934	१०	९७	०८	०५	०३
935	१०	९८	०८	०५	०४
936	१०	९९	०८	०५	०५
937	१०	१००	०८	०५	०६
938	१०	१०१	०८	०५	०७
939	१०	१०२	०८	०५	०८
940	१०	१०३	०८	०५	०९
941	१०	१०४	०८	०५	१०
942	१०	१०५	०८	०५	११
943	१०	१०६	०८	०६	०१
944	१०	१०७	०८	०६	०२
945	१०	१०८	०८	०६	०३
946	१०	१०९	०८	०६	०४
947	१०	११०	०८	०६	०५
948	१०	१११	०८	०६	०६
949	१०	११२	०८	०६	०७
950	१०	११३	०८	०६	०८
951	१०	११४	०८	०६	०९
952	१०	११५	०८	०६	१०
953	१०	११६	०८	०६	११
954	१०	११७	०८	०६	१२
955	१०	११८	०८	०६	१३
956	१०	११९	०८	०६	१४
957	१०	१२०	०८	०७	०१
958	१०	१२१	०८	०७	०२
959	१०	१२२	०८	०७	०३
960	१०	१२३	०८	०७	०४
961	१०	१२४	०८	०७	०५
962	१०	१२५	०८	०७	०६
963	१०	१२६	०८	०७	०७
964	१०	१२७	०८	०७	०८
965	१०	१२८	०८	०७	०९
966	१०	१२९	०८	०७	१०
967	१०	१३०	०८	०७	११
968	१०	१३१	०८	०७	१२
969	१०	१३२	०८	०७	१३
970	१०	१३३	०८	०७	१४
971	१०	१३४	०८	०७	१५
972	१०	१३५	०८	०७	१६
973	१०	१३६	०८	०७	१७
974	१०	१३७	०८	०७	१८
975	१०	१३८	०८	०७	१९
976	१०	१३९	०८	०७	२०
977	१०	१४०	०८	०७	२१
978	१०	१४१	०८	०७	२२
979	१०	१४२	०८	०७	२३
980	१०	१४३	०८	०८	०१
981	१०	१४४	०८	०८	०२
982	१०	१४५	०८	०८	०३
983	१०	१४६	०८	०८	०४
984	१०	१४७	०८	०८	०५
985	१०	१४८	०८	०८	०६
986	१०	१४९	०८	०८	०७
987	१०	१५०	०८	०८	०८
988	१०	१५१	०८	०८	०९
989	१०	१५२	०८	०८	१०
990	१०	१५३	०८	०८	११
991	१०	१५४	०८	०८	१२
992	१०	१५५	०८	०८	१३
993	१०	१५६	०८	०८	१४
994	१०	१५७	०८	०८	१५
995	१०	१५८	०८	०८	१६
996	१०	१५९	०८	०८	१७
997	१०	१६०	०८	०८	१८
998	१०	१६१	०८	०८	१९
999	१०	१६२	०८	०८	२०
1000	१०	१६३	०८	०८	२१
1001	१०	१६४	०८	०८	२२
1002	१०	१६५	०८	०८	२३
1003	१०	१६६	०८	०८	२४
1004	१०	१६७	०८	०८	२५
1005	१०	१६८	०८	०८	२६
1006	१०	१६९	०८	०८	२७
1007	१०	१७०	०८	०८	२८
1008	१०	१७१	०८	०८	२९
1009	१०	१७२	०८	०८	३०
1010	१०	१७३	०८	०८	३१
1011	१०	१७४	०८	०८	३२
1012	१०	१७५	०८	०८	३३
1013	१०	१७६	०८	०८	३४
1014	१०	१७७	०८	०८	३५
1015	१०	१७८	०८	०८	३६
1016	१०	१७९	०८	०८	३७
1017	१०	१८०	०८	०८	३८
1018	१०	१८१	०८	०८	३९
1019	१०	१८२	०८	०८	४०
1020	१०	१८३	०८	०८	४१
1021	१०	१८४	०८	०८	४२
1022	१०	१८५	०८	०८	४३
1023	१०	१८६	०८	०८	४४
1024	१०	१८७	०८	०८	४५
1025	१०	१८८	०८	०८	४६
1026	१०	१८९	०८	०८	४७
1027	१०	१९०	०८	०८	४८
1028	१०	१९१	०८	०८	४९
